keyword,url
plumber stockport,https://stockport-plumber-cheshire.co.uk/
stockport plumber,https://stockport-plumber-cheshire.co.uk/
blocked drain stockport,https://stockport-plumber-cheshire.co.uk/
blocked drains stockport,https://stockport-plumber-cheshire.co.uk/
drain unblocking stockport,https://stockport-plumber-cheshire.co.uk/
blocked toilet stockport,https://stockport-plumber-cheshire.co.uk/services/blocked-drains/blocked-toilet
blocked sink stockport,https://stockport-plumber-cheshire.co.uk/services/blocked-drains/blocked-sink
cctv drain survey stockport,https://stockport-plumber-cheshire.co.uk/services/cctv-drain-surveys
cctv drain survey cost,https://stockport-plumber-cheshire.co.uk/services/cctv-drain-surveys
cctv drainage survey cost,https://stockport-plumber-cheshire.co.uk/services/cctv-drain-surveys
drainage cctv survey cost,https://stockport-plumber-cheshire.co.uk/services/cctv-drain-surveys
drain jetting stockport,https://stockport-plumber-cheshire.co.uk/services/drain-jetting
high pressure drain jetting,https://stockport-plumber-cheshire.co.uk/services/drain-jetting
emergency drain unblocking stockport,https://stockport-plumber-cheshire.co.uk/services/emergency-drain-services
24 hour drain unblocking stockport,https://stockport-plumber-cheshire.co.uk/services/emergency-drain-services
drain repairs stockport,https://stockport-plumber-cheshire.co.uk/services/drain-repairs
drain relining stockport,https://stockport-plumber-cheshire.co.uk/services/drain-repairs/pipe-relining
blocked drains cheshire,https://stockport-plumber-cheshire.co.uk/locations/stockport/blocked-drains
blocked drains manchester,https://stockport-plumber-cheshire.co.uk/locations/manchester/blocked-drains
blocked drains altrincham,https://stockport-plumber-cheshire.co.uk/locations/altrincham/blocked-drains
blocked drains sale,https://stockport-plumber-cheshire.co.uk/locations/sale/blocked-drains
blocked drains didsbury,https://stockport-plumber-cheshire.co.uk/locations/didsbury/blocked-drains
blocked drains chorlton,https://stockport-plumber-cheshire.co.uk/locations/chorlton/blocked-drains
blocked drains bolton,https://stockport-plumber-cheshire.co.uk/locations/bolton/blocked-drains
drain unblocking near me,https://stockport-plumber-cheshire.co.uk/locations
